nama,kategori,kabupaten_kota,deskripsi,harga_tiket,jam_operasional,fasilitas,rating,latitude,longitude,kontak,tips,foto_url,foto_kredit
Pantai Nambo,bahari,Kota Kendari,"Pantai andalan Kota Kendari dengan pasir putih landai dan air laut tenang, populer untuk berenang dan bersantai sore hari bersama keluarga.",Rp 10.000,06:00 - 21:00,"Parkir, warung makan, gazebo, toilet",4.3,-4.0523,122.5781,0811-4000-001,Datang sore hari untuk menikmati matahari terbenam,,
Pantai Kendari (Kendari Beach),bahari,Kota Kendari,"Kawasan pesisir Teluk Kendari yang jadi pusat kuliner malam dan area rekreasi warga kota, cocok untuk jalan santai sambil menikmati suasana teluk.",Gratis,24 jam,"Area kuliner, parkir, tempat duduk umum",4.1,-3.9821,122.5195,0811-4000-002,Ramai saat malam minggu dengan banyak pilihan kuliner,,
Masjid Al-Alam Kendari,religi,Kota Kendari,"Masjid terapung ikonik yang berdiri di atas Teluk Kendari, menjadi salah satu masjid apung terbesar di Indonesia sekaligus landmark kota.",Gratis,04:00 - 22:00,"Parkir luas, tempat wudhu, area foto",4.6,-3.9945,122.5147,0811-4000-003,Waktu terbaik berkunjung saat menjelang magrib untuk pemandangan senja,https://commons.wikimedia.org/wiki/Special:FilePath/Masjid_Al_Alam_Kendari.jpg?width=800,Foto: Didym / Wikimedia Commons (CC BY-SA 4.0)
Taman Kota Kendari (eks MTQ),alam,Kota Kendari,"Ruang terbuka hijau di pusat kota dengan danau buatan, jalur jogging, dan panggung terbuka, favorit warga untuk berolahraga dan bersantai.",Gratis,05:00 - 22:00,"Jogging track, danau buatan, kios jajanan",4.0,-3.9945,122.5312,0811-4000-004,Cocok untuk olahraga pagi sebelum matahari terlalu terik,,
Sentra Kuliner Teluk Kendari,kuliner,Kota Kendari,Deretan warung dan kafe di sepanjang Teluk Kendari yang menyajikan aneka hidangan laut segar dan kuliner khas Sulawesi Tenggara.,Gratis masuk,16:00 - 23:00,"Parkir, live music akhir pekan, area anak",4.2,-3.986,122.521,0811-4000-005,Pesan ikan bakar dan sinonggi khas Kendari,,
Museum Provinsi Sulawesi Tenggara,sejarah,Kota Kendari,"Museum resmi Provinsi Sulawesi Tenggara yang menyimpan koleksi benda budaya dan sejarah suku-suku di Sultra seperti Tolaki, Buton, Muna, dan Moronene. Cikal bakalnya dimulai sejak 1978-1979 sebagai proyek pembinaan permuseuman, resmi menjadi Museum Negeri Provinsi Sultra pada 1991.",Rp 5.000,08:00 - 16:00 (Senin-Jumat),"Pemandu, parkir, ruang pamer ber-AC",3.9,-3.999,122.518,"Jl. Abunawas No. 191, Korumba, Kec. Mandonga, Kota Kendari",Cocok untuk wisata edukasi bersama rombongan pelajar,,
Air Terjun Moramo,alam,Konawe Selatan,"Air terjun bertingkat dengan sekitar 7 tingkatan utama dan puluhan undakan kecil menyerupai kolam alami, dikelilingi hutan Suaka Alam Tanjung Peropa.",Rp 15.000,07:00 - 17:00,"Parkir, gazebo, warung, area bilas",4.7,-4.1892,122.57,0811-4000-007,Gunakan alas kaki anti-licin karena bebatuan cukup licin,https://commons.wikimedia.org/wiki/Special:FilePath/Air_Terjun_Moramo.jpg?width=800,Foto: Firstlab18 / Wikimedia Commons (CC BY-SA 4.0)
Pulau Bokori,bahari,Konawe,"Pulau kecil berpasir putih di kawasan Soropia dengan air laut jernih kehijauan, populer untuk snorkeling dan foto prewedding.",Rp 15.000 + perahu,07:00 - 17:00,"Perahu penyeberangan, gazebo, toilet",4.5,-3.8593,122.7561,0811-4000-008,Sewa perahu dari Dermaga Soropia sekitar 20 menit,,
Pulau Saponda,bahari,Konawe,"Gugusan pulau kecil dengan pantai pasir putih dan spot snorkeling yang masih alami, cocok untuk wisata one day trip dari Kendari.",Rp 20.000 + perahu,07:00 - 16:00,"Perahu sewa, gazebo sederhana",4.3,-3.8125,122.789,0811-4000-009,Bawa bekal sendiri karena warung terbatas,,
Pulau Labengki,bahari,Konawe Utara,"Dijuluki miniatur Raja Ampat Sulawesi Tenggara, terdiri dari gugusan pulau karst dengan laguna biru jernih dan terumbu karang yang masih terjaga.",Rp 25.000 + perahu,07:00 - 17:00,"Homestay terbatas, perahu wisata, spot diving",4.8,-3.3521,122.8654,0811-4000-010,Kunjungan terbaik saat musim kemarau (April-Oktober) untuk visibilitas air terbaik,https://commons.wikimedia.org/wiki/Special:FilePath/Pulau_Labengki_Besar.jpg?width=800,Foto: Wikimedia Commons (CC BY-SA 4.0)
Air Terjun Tamborasi,alam,Kolaka,"Air terjun unik yang mengalir langsung ke bibir pantai, sehingga pengunjung bisa menikmati air tawar dan air laut sekaligus dalam satu lokasi.",Rp 10.000,07:00 - 18:00,"Parkir, warung, area bilas",4.4,-4.2451,121.7332,0811-4000-011,Padukan kunjungan dengan sunset di pantai sebelahnya,,
Danau Motonuno,alam,Konawe,"Danau alami dengan air biru kehijauan yang dikelilingi tebing batu kapur, sering disebut Danau Tiga Warna versi Sulawesi Tenggara.",Rp 10.000,08:00 - 17:00,"Parkir, gazebo, jalur trekking pendek",4.2,-3.7245,122.3654,0811-4000-012,Trekking ringan sekitar 15 menit dari area parkir,,
Pantai Watu Jaru,bahari,Kolaka,"Pantai dengan formasi bebatuan unik menyerupai gong raksasa, air laut tenang dan cocok untuk berenang bersama keluarga.",Rp 5.000,06:00 - 18:00,"Parkir, warung sederhana",4.0,-4.0987,121.6234,0811-4000-013,Datang saat air surut untuk melihat formasi batu lebih jelas,,
Air Terjun Lamedai,alam,Kolaka Timur,Air terjun yang tersembunyi di tengah perkebunan warga dengan kolam alami berwarna hijau tosca yang jernih dan sejuk.,Rp 10.000,07:00 - 17:00,"Parkir, warung, area ganti pakaian",4.3,-4.0125,121.9432,0811-4000-014,Jalan kaki sekitar 500 meter dari area parkir,,
Pantai Watu Wila,bahari,Bombana,"Pantai berpasir putih dengan air laut jernih dan deretan pohon kelapa, masih relatif sepi sehingga cocok untuk yang mencari ketenangan.",Rp 5.000,06:00 - 18:00,"Parkir, gazebo",3.9,-4.4987,121.9876,0811-4000-015,Bawa perbekalan sendiri karena fasilitas masih terbatas,,
Benteng Keraton Buton (Benteng Wolio),sejarah,Kota Baubau,"Diklaim sebagai benteng terluas di dunia dengan keliling sekitar 2.740 meter, berisi kompleks masjid, makam raja, dan meriam kuno peninggalan Kesultanan Buton.",Rp 10.000,08:00 - 18:00,"Pemandu lokal, parkir, warung suvenir",4.7,-5.4679,122.6178,0811-4000-016,Sewa pemandu lokal untuk cerita sejarah kesultanan yang lebih lengkap,https://commons.wikimedia.org/wiki/Special:FilePath/Benteng_Wolio.jpg?width=800,"Foto: Wikimedia Commons (Dok. Pemerintah Indonesia, domain publik)"
Pantai Nirwana,bahari,Kota Baubau,"Pantai populer di Baubau dengan dermaga kayu memanjang ke laut, favorit untuk menikmati sunset dan berfoto.",Rp 5.000,06:00 - 22:00,"Parkir, warung kuliner, gazebo",4.4,-5.4732,122.6089,0811-4000-017,Jam terbaik berkunjung adalah sore hari menjelang matahari terbenam,,
Pantai Kamali,bahari,Kota Baubau,Kawasan pantai di pusat Kota Baubau yang ramai jadi tempat kuliner malam dan ruang publik keluarga.,Gratis,24 jam,"Area kuliner, panggung hiburan, parkir",4.1,-5.4691,122.6145,0811-4000-018,Kunjungi saat car free day akhir pekan,,
Batu Poaro,alam,Kota Baubau,"Formasi bebatuan raksasa yang menjorok ke laut dengan pemandangan Selat Buton, menjadi spot foto ikonik di Baubau.",Gratis,06:00 - 18:00,"Parkir, area foto",4.0,-5.455,122.6234,0811-4000-019,Berhati-hati karena permukaan batu bisa licin saat hujan,,
Pulau Kadatua,bahari,Buton Selatan,"Pulau dengan pantai berpasir putih dan tebing karst yang menawan, serta perkampungan nelayan tradisional yang masih asri.",Rp 15.000 + perahu,07:00 - 17:00,"Perahu penyeberangan, homestay warga",4.3,-5.5789,122.5321,0811-4000-020,Naik perahu dari Pelabuhan Baubau sekitar 30 menit,,
Pantai Lakeba,bahari,Buton Selatan,"Pantai tenang dengan air jernih dan pemandangan perbukitan hijau di kejauhan, masih jarang dikunjungi wisatawan luar daerah.",Rp 5.000,06:00 - 18:00,Parkir sederhana,3.8,-5.5234,122.5567,0811-4000-021,Cocok untuk wisata sepi dan camping ringan,,
Pantai Wisata Mawasangka,bahari,Buton Tengah,"Pantai landai dengan hamparan pasir putih luas, populer untuk kegiatan keluarga dan komunitas di akhir pekan.",Rp 5.000,06:00 - 18:00,"Parkir, gazebo, warung",3.9,-5.2451,122.3654,0811-4000-022,Bawa tikar sendiri untuk piknik keluarga,,
Danau Napabale,alam,Muna,"Danau unik yang terhubung langsung ke laut melalui terowongan alami di bawah bukit karst, dapat dilalui perahu saat air surut.",Rp 10.000 + perahu,07:00 - 17:00,"Perahu sewa, gazebo, parkir",4.6,-4.9521,122.5987,0811-4000-023,Kunjungi saat air laut surut agar bisa melewati terowongan menuju laut lepas,,
Goa Liangkabori,sejarah,Muna,Situs prasejarah berupa gua dengan lukisan dinding purba berusia ribuan tahun peninggalan manusia praaksara Muna.,Rp 10.000,08:00 - 17:00,"Pemandu, parkir, jalur tangga",4.2,-4.8654,122.5432,0811-4000-024,Gunakan jasa pemandu setempat untuk penjelasan sejarah lukisan gua,,
Pantai Meleura,bahari,Muna,"Pantai yang kerap disebut mirip Raja Ampat versi Muna, dengan gugusan pulau karang kecil dan air laut jernih kehijauan.",Rp 10.000 + perahu,07:00 - 17:00,"Perahu wisata, gazebo",4.5,-4.6789,122.7123,0811-4000-025,Sewa perahu nelayan setempat untuk berkeliling gugusan karang,,
Permandian Alam Laino,alam,Muna Barat,"Mata air alami jernih yang membentuk kolam permandian sejuk di tengah perkampungan, populer sebagai wisata keluarga.",Rp 5.000,06:00 - 18:00,"Kolam permandian, parkir, warung",3.9,-4.7123,122.4567,0811-4000-026,Ramai dikunjungi warga lokal saat akhir pekan,,
Taman Nasional Wakatobi,bahari,Wakatobi,"Salah satu pusat segitiga terumbu karang dunia (Coral Triangle) dengan lebih dari 750 spesies karang dan ratusan spesies ikan, surga diving dan snorkeling kelas dunia.",Rp 25.000 (lokal) / lebih tinggi untuk wisatawan asing,24 jam,"Dive center, resort, penyewaan alat snorkeling",4.9,-5.35,123.6,0811-4000-027,Rencanakan minimal 3 hari untuk menjelajah beberapa titik selam terbaik,https://commons.wikimedia.org/wiki/Special:FilePath/Wakatobi-188.jpg?width=800,Foto: Craig D / Wikimedia Commons (CC BY-SA 2.0)
Pulau Hoga,bahari,Wakatobi,Pulau kecil tak berpenghuni permanen yang menjadi rumah bagi pusat riset kelautan internasional dan spot diving populer.,Rp 20.000 + kapal,07:00 - 17:00,"Homestay, dive center, kapal wisata",4.7,-5.47,123.75,0811-4000-028,Booking kapal dari Kaledupa jauh hari terutama musim ramai,,
Pulau Tomia,bahari,Wakatobi,Salah satu pulau utama Wakatobi dengan dinding karang curam (drop off) yang jadi favorit penyelam berpengalaman dari seluruh dunia.,Rp 20.000 + kapal,07:00 - 17:00,"Resort, dive center, bandara perintis",4.7,-5.6167,124.0,0811-4000-029,Tersedia penerbangan perintis langsung dari Kendari ke Bandara Maranggo,,
Pulau Binongko,sejarah,Wakatobi,"Pulau yang dikenal sebagai sentra kerajinan parang dan pisau tradisional turun-temurun, sekaligus menyimpan tradisi pandai besi khas Wakatobi.",Gratis,08:00 - 17:00,"Sentra kerajinan, homestay warga",4.1,-5.9167,123.9333,0811-4000-030,Beli langsung parang khas Binongko sebagai oleh-oleh unik,,
Pasir Timbul Wakatobi,bahari,Wakatobi,"Gugusan pasir putih yang muncul di tengah laut saat air surut, menciptakan pemandangan dramatis dikelilingi laut biru jernih.",Rp 15.000 + kapal,Tergantung jadwal surut,Kapal wisata,4.6,-5.32,123.58,0811-4000-031,Cek jadwal pasang surut sebelum berangkat agar pasir timbul terlihat sempurna,,
Benteng Liya Togo,sejarah,Wakatobi,"Benteng peninggalan Kesultanan Buton di Pulau Wangi-Wangi, di dalamnya terdapat Masjid Mubarok (masjid kedua tertua di Wakatobi setelah Masjid Wolio) serta makam Djilabu, kepala adat pertama sekaligus penyiar agama Islam di Wangi-Wangi dan sekitarnya.",Rp 5.000,08:00 - 17:00,"Pemandu, parkir",4.0,-5.3667,123.5167,0811-4000-032,Kunjungi bersamaan dengan pantai-pantai di sekitar Wangi-Wangi,,
Kuliner Khas Sinonggi,kuliner,Kota Kendari,"Rumah makan yang menyajikan sinonggi, makanan pokok khas suku Tolaki berbahan dasar sagu yang disantap bersama sayur dan lauk khas.",Rp 25.000 - 50.000 per porsi,10:00 - 21:00,"Tempat makan lesehan, parkir",4.3,-3.975,122.51,0811-4000-033,Nikmati sinonggi bersama ikan parende khas Kendari,,
Pasar Wisata Kuliner Kadia,kuliner,Kota Kendari,"Pusat jajanan malam dengan puluhan tenant menjual makanan khas Sultra maupun nusantara, ramai dikunjungi keluarga dan anak muda.",Gratis masuk,17:00 - 23:00,"Parkir luas, tempat duduk bersama, live music",4.0,-3.988,122.535,0811-4000-034,Datang lebih awal untuk mendapat tempat duduk saat weekend,,
Air Terjun Sabilambo,alam,Kolaka,"Air terjun bertingkat yang berada tak jauh dari pusat Kota Kolaka, dikelilingi hutan rindang yang menyejukkan.",Rp 10.000,07:00 - 17:00,"Parkir, warung, gazebo",4.1,-4.0567,121.5987,0811-4000-035,Cocok dipadukan dengan kunjungan ke Pantai Watu Jaru dalam satu hari,,
Toronipa Beach,bahari,Konawe,"Pantai populer dengan pasir putih landai dan air dangkal yang aman untuk anak-anak, banyak wahana permainan air.",Rp 10.000,06:00 - 21:00,"Banana boat, gazebo, warung, toilet",4.4,-3.9123,122.6543,0811-4000-036,Sewa wahana air untuk pengalaman lebih seru bersama keluarga,,
Puncak Wawobalo,alam,Kota Kendari,"Titik ketinggian di pinggiran Kota Kendari yang menawarkan pemandangan Teluk Kendari dari atas, populer untuk menikmati sunrise dan sunset.",Rp 5.000,05:00 - 22:00,"Parkir, gazebo, kafe kecil",4.2,-3.9456,122.4987,0811-4000-037,Waktu terbaik berkunjung adalah pagi hari untuk melihat kabut pagi di teluk,,
Gereja Katedral Kristus Raja Kendari,religi,Kota Kendari,Gereja Katolik tertua dan terbesar di Kendari dengan arsitektur khas yang menjadi salah satu pusat kegiatan keagamaan umat Katolik Sultra.,Gratis,05:00 - 20:00,"Parkir, aula pertemuan",4.3,-3.976,122.522,0811-4000-038,Hormati jadwal ibadah saat berkunjung di luar keperluan wisata religi,,
Klenteng Boen Tek Bio Kendari,religi,Kota Kendari,"Klenteng tertua di Kendari yang telah berdiri sejak awal abad ke-20, menjadi bukti akulturasi budaya Tionghoa di Sulawesi Tenggara.",Gratis,08:00 - 17:00,Parkir terbatas,4.0,-3.9805,122.5165,0811-4000-039,Kunjungi saat perayaan Imlek untuk suasana yang lebih meriah,,
Rumah Makan Khas Buton,kuliner,Kota Baubau,"Menyajikan aneka hidangan khas Buton seperti kasoami (singkong kukus) dan ikan bakar dabu-dabu, favorit wisatawan yang singgah di Baubau.",Rp 20.000 - 45.000 per porsi,10:00 - 21:00,"Tempat makan ber-AC, parkir",4.2,-5.47,122.61,0811-4000-040,Coba kasoami dengan ikan kuah pallu mara sebagai menu wajib,,
Makam Raja-Raja Muna,sejarah,Muna,"Kompleks pemakaman para sultan dan raja Muna zaman dahulu, menyimpan nilai sejarah tinggi tentang Kesultanan Muna.",Rp 5.000,08:00 - 17:00,"Pemandu lokal, parkir",3.9,-4.92,122.59,0811-4000-041,Berpakaian sopan karena lokasi ini dianggap sakral oleh warga setempat,,
Air Terjun Lamesou,alam,Konawe Utara,"Air terjun yang tersembunyi di kawasan Kecamatan Lasolo, mengalir di antara tebing hijau yang masih alami dan jarang ramai pengunjung.",Rp 5.000,07:00 - 17:00,"Parkir, jalur trekking",4.0,-3.42,122.1,0811-4000-042,Gunakan kendaraan double gardan karena akses jalan sebagian masih tanah,,
Permandian Wawolesea,alam,Konawe Utara,Kolam permandian alami berair jernih yang populer sebagai tempat rekreasi keluarga warga Konawe Utara di akhir pekan.,Rp 5.000,07:00 - 18:00,"Kolam permandian, parkir, warung",4.0,-3.55,122.2,0811-4000-043,Ramai dikunjungi warga lokal terutama hari Minggu,,
Air Terjun Laameoru,alam,Konawe Utara,"Air terjun bertingkat di Kecamatan Oheo yang dikelilingi hutan rimbun, cocok untuk pencinta wisata alam yang masih asri.",Rp 5.000,07:00 - 17:00,"Parkir, area bilas",4.1,-3.05,121.95,0811-4000-044,"Perjalanan menuju lokasi cukup menantang, siapkan fisik yang prima",,
Telaga Biru Oheo,alam,Konawe Utara,"Telaga kecil dengan air berwarna biru jernih yang kontras dengan hijaunya vegetasi sekitar, berada di Desa Puuhialu, Kecamatan Oheo.",Rp 5.000,07:00 - 17:00,"Parkir, gazebo",4.2,-3.03,121.93,0811-4000-045,"Air sangat jernih, cocok untuk berenang santai bersama keluarga",,
Taman Wisata Alam Kea-Kea,alam,Kolaka,"Kawasan wisata alam dengan sumber air panas di Kelurahan Ulunggolaka, Kecamatan Latambaga, dipercaya berkhasiat untuk kesehatan kulit.",Rp 10.000,07:00 - 18:00,"Kolam air panas, parkir, warung",4.1,-4.03,121.63,0811-4000-046,Kunjungi sore hari agar suhu air panas terasa lebih nyaman,,
Puncak Sani-Sani,alam,Kolaka,"Desa wisata di dataran tinggi Kolaka yang menyuguhkan panorama pegunungan dan udara sejuk, populer untuk camping dan menikmati sunrise.",Rp 10.000,24 jam,"Area camping, gazebo, parkir",4.3,-4.12,121.75,0811-4000-047,Bawa jaket karena suhu malam hari cukup dingin,,
Danau Biru Kolaka Utara,alam,Kolaka Utara,"Danau kecil bekas area pertambangan di Desa Walasiho, Kecamatan Wawo, yang kini menampilkan warna air biru toska yang memikat.",Rp 5.000,07:00 - 17:00,"Area foto, parkir",4.2,-3.5,121.32,0811-4000-048,"Spot foto favorit, namun jaga jarak aman dari tepian yang curam",,
Gunung Mekongga,alam,Kolaka Utara,"Puncak tertinggi di Sulawesi Tenggara dengan ketinggian sekitar 2.620 mdpl, menjadi tujuan favorit para pendaki berpengalaman.",Rp 15.000 (izin pendakian),Pendakian direncanakan (hubungi pengelola),"Jalur pendakian, pos pendaftaran",4.5,-3.55,121.35,0811-4000-049,"Pendakian 3-4 hari, wajib didampingi pemandu lokal berpengalaman",,
Sungai Tamborasi,alam,Kolaka,"Diklaim sebagai salah satu sungai terpendek di dunia, mengalir langsung berbatasan dengan bibir Pantai Tamborasi di Kecamatan Wolo.",Rp 5.000,07:00 - 18:00,"Parkir, warung, gazebo",4.2,-4.245,121.735,0811-4000-050,Kunjungi bersamaan dengan Air Terjun Tamborasi yang lokasinya berdekatan,,
Bukit Lamando,alam,Buton Selatan,"Bukit dengan padang savana luas di Kecamatan Sampolawa, menawarkan pemandangan lepas ke arah laut dan perbukitan sekitarnya.",Rp 5.000,06:00 - 18:00,"Jalur trekking, area foto",4.1,-5.55,122.62,0811-4000-051,Waktu terbaik saat sore hari menjelang matahari terbenam,,
Hutan Pinus Wasampolala,alam,Kota Baubau,"Kawasan hutan pinus yang sejuk di pinggiran Kota Baubau, populer sebagai tempat bersantai dan berfoto dengan latar pepohonan tinggi.",Rp 5.000,07:00 - 18:00,"Gazebo, area foto, parkir",4.0,-5.44,122.58,0811-4000-052,Udara paling sejuk di pagi hari,,
Air Terjun Lamoahi,alam,Buton Utara,"Air terjun alami yang masih jarang terjamah di Buton Utara, dikelilingi vegetasi hutan tropis yang rimbun.",Rp 5.000,07:00 - 17:00,Jalur setapak,4.0,-4.75,123.05,0811-4000-053,"Akses jalan menuju lokasi cukup menantang, disarankan bersama pemandu lokal",,
Air Terjun La Ocu (Air Terjun Perawan),alam,Buton Utara,Air terjun tersembunyi yang dijuluki 'air terjun perawan' karena kondisinya yang masih sangat alami dan belum banyak dikunjungi wisatawan.,Rp 5.000,07:00 - 17:00,"Belum banyak fasilitas, alami",4.0,-4.78,123.02,0811-4000-054,Cocok untuk wisatawan yang menyukai petualangan alam liar,,
Taman Nasional Rawa Aopa Watumohai,alam,Konawe Selatan,"Taman nasional dataran rendah terluas di Sulawesi yang mencakup ekosistem rawa, savana, dan hutan, serta habitat berbagai satwa endemik.",Rp 10.000,07:00 - 17:00,"Pos pengelola, jalur pengamatan satwa",4.3,-4.35,121.95,0811-4000-055,Bawa teropong untuk mengamati burung dan rusa liar dari kejauhan,,
Agrowisata California,alam,Konawe Selatan,"Kawasan agrowisata di Kecamatan Wolasi dengan kebun buah dan sayur yang bisa dipetik langsung, cocok untuk edukasi anak-anak.",Rp 10.000,08:00 - 17:00,"Kebun petik buah, gazebo, parkir",4.1,-4.25,122.45,0811-4000-056,Datang saat musim panen untuk pengalaman memetik buah langsung,,
Air Terjun Tumburano,alam,Konawe Kepulauan,Air terjun di Pulau Wawonii yang menjadi pelengkap keindahan alam Konawe Kepulauan selain pantai-pantainya yang memesona.,Rp 5.000,07:00 - 17:00,"Parkir, jalur setapak",4.1,-3.95,123.1,0811-4000-057,Kombinasikan kunjungan dengan Pantai Kampa yang searah,,
Pantai Namu,bahari,Konawe Selatan,"Desa wisata pesisir di Kecamatan Laonti dengan pantai berpasir putih dan air laut tenang, dikelola langsung oleh masyarakat setempat.",Rp 10.000,07:00 - 18:00,"Homestay warga, gazebo, perahu wisata",4.3,-4.38,122.72,0811-4000-058,Akses lebih mudah lewat jalur laut dari Pelabuhan Kendari,,
Pulau Senja,bahari,Konawe Selatan,"Pulau kecil dengan pemandangan matahari terbenam yang memikat, menjadikannya favorit wisatawan pencinta senja di kawasan Laonti.",Rp 15.000 + perahu,07:00 - 18:00,"Perahu wisata, gazebo",4.4,-4.4,122.75,0811-4000-059,Waktu terbaik berkunjung adalah sore hari sesuai namanya,,
Labuan Beropa,bahari,Konawe Selatan,"Teluk kecil yang tenang di Kecamatan Laonti dengan air jernih kehijauan, cocok untuk berperahu santai dan memancing.",Rp 10.000,07:00 - 17:00,"Dermaga kecil, perahu sewa",4.2,-4.36,122.7,0811-4000-060,Sewa perahu nelayan setempat untuk berkeliling teluk,,
Pantai Lagunci,bahari,Buton Selatan,"Desa wisata bahari dengan pantai berpasir putih dan laguna alami yang jernih, dikembangkan sebagai desa wisata bahari unggulan Buton Selatan.",Rp 10.000,07:00 - 18:00,"Homestay, gazebo, perahu wisata",4.3,-5.58,122.68,0811-4000-061,Cocok untuk snorkeling santai di area laguna yang tenang,,
Pantai Sombu,bahari,Wakatobi,Titik selam populer di Wakatobi dengan dinding karang (drop off) yang menjadi favorit penyelam untuk melihat biota laut Coral Triangle.,Rp 25.000 + kapal,07:00 - 17:00,"Dive center, kapal wisata",4.7,-5.4,123.58,0811-4000-062,Cocok untuk penyelam menengah-mahir karena arus cukup kuat,,
Desa Wisata Kollo Soha,bahari,Wakatobi,Desa wisata di Pulau Tomia yang menawarkan pantai berpasir putih serta panorama matahari terbenam terbaik di kawasan Wakatobi.,Rp 15.000,07:00 - 18:00,"Homestay, gazebo, area sunset",4.4,-5.63,124.02,0811-4000-063,Menginap semalam untuk menikmati sunrise sekaligus sunset,,
Pantai Membuku,bahari,Buton Utara,"Pantai landai berpasir putih di kawasan Ereke, Buton Utara, dengan air laut jernih yang nyaman untuk berenang bersama keluarga.",Rp 5.000,06:00 - 18:00,"Parkir, gazebo, warung",4.1,-4.8,123.02,0811-4000-064,"Pantai relatif sepi, cocok untuk liburan yang tenang",,
Pantai Bone,bahari,Buton Utara,"Pantai berpasir putih di Buton Utara dengan ombak tenang, menjadi salah satu destinasi favorit warga sekitar saat akhir pekan.",Rp 5.000,06:00 - 18:00,"Parkir, warung sederhana",4.0,-4.77,123.05,0811-4000-065,Bawa perbekalan sendiri karena fasilitas masih terbatas,,
Pantai Eemoamba,bahari,Buton Utara,Pantai eksotis dengan formasi bebatuan alami dan air jernih kehijauan yang menjadi daya tarik tersendiri di pesisir Buton Utara.,Rp 5.000,06:00 - 18:00,"Parkir, area foto",4.1,-4.82,122.98,0811-4000-066,Cocok untuk fotografi lanskap pantai berbatu,,
Pulau Sagori,bahari,Bombana,"Pulau kecil di kawasan Kabaena dengan panorama alam yang tenang, dijuluki warga setempat sebagai 'Segitiga Bermuda Kabaena' karena suasananya yang misterius dan jauh dari keramaian.",Rp 15.000 + perahu,07:00 - 17:00,Perahu wisata,4.3,-4.95,121.9,0811-4000-067,Cocok untuk snorkeling dan mencari ketenangan jauh dari hiruk-pikuk,,
Pantai Kampa,bahari,Konawe Kepulauan,Pantai berpasir putih di Pulau Wawonii yang menjadi salah satu ikon wisata bahari Konawe Kepulauan dengan air laut yang jernih.,Rp 10.000,06:00 - 18:00,"Parkir, gazebo, warung",4.3,-3.93,123.08,0811-4000-068,Gabungkan kunjungan dengan Air Terjun Tumburano yang searah,,
Desa Wisata Batu Belah Tanjung Batu,bahari,Konawe Kepulauan,"Perkampungan terapung Suku Bajo di Pulau Wawonii, menampilkan kehidupan tradisional masyarakat laut yang unik dan otentik.",Rp 10.000,07:00 - 17:00,"Perahu wisata, homestay warga",4.4,-3.9,123.15,0811-4000-069,Hormati adat dan kebiasaan masyarakat Bajo setempat saat berkunjung,,
Pantai Jodoh,bahari,Buton Selatan,"Pantai populer di Kecamatan Batauga dengan legenda lokal yang melekat pada namanya, menawarkan pasir putih dan air laut tenang.",Rp 5.000,06:00 - 18:00,"Parkir, gazebo, warung",4.1,-5.58,122.65,0811-4000-070,"Populer di kalangan muda-mudi setempat, terutama saat sore hari",,
Benteng Tindoi,sejarah,Wakatobi,"Benteng peninggalan masa lalu di Pulau Wangi-Wangi yang berada di titik tertinggi, menawarkan nilai sejarah sekaligus pemandangan laut lepas.",Rp 5.000,08:00 - 17:00,"Pemandu, parkir",4.1,-5.32,123.52,0811-4000-071,Naik ke puncak benteng untuk menikmati panorama 360 derajat,,
Gunung Siontapina,sejarah,Buton,"Puncak tertinggi di Pulau Buton yang dianggap sakral oleh masyarakat Kecamatan Lasalimu, sering dikaitkan dengan berbagai kepercayaan dan ritual adat setempat.",Rp 10.000 (izin pendakian),Pendakian direncanakan,"Jalur pendakian, pos pendaftaran",4.2,-5.28,122.88,0811-4000-072,Hormati aturan dan pantangan adat setempat selama pendakian,,
Gua Jepang Buton Selatan,sejarah,Buton Selatan,Gua peninggalan masa pendudukan Jepang yang menyimpan jejak sejarah Perang Dunia II di kawasan Buton Selatan.,Rp 5.000,08:00 - 17:00,"Pemandu lokal, senter (bawa sendiri)",3.9,-5.57,122.6,0811-4000-073,Gunakan senter dan alas kaki yang tidak licin saat menyusuri gua,,
Masjid Tertua Wawoangi,religi,Buton Selatan,"Salah satu masjid tertua di kawasan Buton Selatan, menjadi saksi sejarah penyebaran Islam di wilayah tersebut sejak masa lampau.",Gratis,05:00 - 20:00,"Parkir, tempat wudhu",4.2,-5.6,122.58,0811-4000-074,Berpakaian sopan dan hormati waktu ibadah saat berkunjung,,
Gua Moko,sejarah,Kota Baubau,"Gua alami yang menjadi salah satu destinasi wajib di Kota Baubau, menyimpan formasi batuan unik hasil proses alam selama ribuan tahun.",Rp 5.000,08:00 - 17:00,"Pemandu, parkir, penerangan",4.0,-5.48,122.63,0811-4000-075,Gunakan jasa pemandu setempat agar lebih memahami cerita di balik gua,,
Makam Raja Sangia Nibandera,religi,Kolaka,"Kompleks pemakaman Raja Sangia Nibandera, raja pertama suku Mekongga yang memeluk Islam dan berjasa menyebarkan agama Islam di Kolaka, terletak di Kecamatan Wundulako.",Gratis,07:00 - 18:00,"Parkir, area ziarah",4.1,-4.1,121.68,0811-4000-076,Berjarak sekitar 13 km atau 22 menit berkendara dari pusat Kota Kolaka,,
Kedai Kuliner Bahari Teemoane,kuliner,Wakatobi,"Kedai tepi pantai di Pulau Tomia yang menyajikan hidangan khas biota laut Wakatobi seperti buli-buli dan kerang tumis, sambil menikmati matahari terbenam.",Rp 20.000 - 50.000 per porsi,10:00 - 20:00,"Tempat makan tepi pantai, parkir",4.3,-5.62,124.01,0811-4000-077,Datang sore hari untuk menikmati kuliner sambil melihat sunset,,
Sentra Kuliner Katumbu & Tunuha Muna,kuliner,Muna,"Pusat jajanan khas Pulau Muna yang menyajikan katumbu (olahan jagung) dan tunuha, kuliner tradisional yang telah populer sejak lama di kalangan masyarakat Muna.",Rp 10.000 - 30.000 per porsi,08:00 - 20:00,"Tempat makan lesehan, parkir",4.1,-4.85,122.56,0811-4000-078,Cicipi katumbu hangat sebagai camilan khas oleh-oleh,,
Kedai Kapusu Nosu Busoa,kuliner,Buton Selatan,"Kedai yang menyajikan kapusu nosu, bubur jagung gurih khas masyarakat Busoa yang menjadi alternatif pengganti nasi bagi warga Buton Selatan.",Rp 10.000 - 25.000 per porsi,08:00 - 21:00,"Tempat makan sederhana, parkir",4.0,-5.59,122.61,0811-4000-079,Nikmati kapusu nosu bersama ikan asin atau ikan dole khas Buton,,
Sentra Gula Kalupu Kabaena,kuliner,Bombana,"Sentra produksi gola ni'i atau gula kalupu, olahan tradisional dari gula aren, kelapa, dan beras ketan khas Pulau Kabaena yang dibalut daun jagung kering.",Gratis kunjungan,08:00 - 17:00,"Area produksi, toko oleh-oleh",4.0,-4.92,121.88,0811-4000-080,Cocok dijadikan oleh-oleh khas karena tahan lama,,
Kedai Luluta Wanci,kuliner,Wakatobi,"Kedai yang menyajikan luluta, nasi bambu bakar khas masyarakat adat Wanci di Pulau Wangi-Wangi, Wakatobi.",Rp 10.000 - 20.000 per porsi,08:00 - 20:00,"Tempat makan sederhana, parkir",4.1,-5.34,123.59,0811-4000-081,"Luluta tahan cukup lama, cocok dibawa sebagai bekal perjalanan laut",,
Bukit Teletubbies Bombana,alam,Bombana,"Perbukitan savana di Desa Tinabite, Kecamatan Lantari Jaya, kawasan Taman Nasional Rawa Aopa, dengan gundukan bukit berdiri sendiri menyerupai latar serial Teletubbies.",Rp 5.000,07:00 - 17:00,"Jalur trekking, area foto",4.2,-4.55,121.85,0811-4000-082,Bawa air minum sendiri karena minim fasilitas di area bukit,,
Sungai Mosolo,alam,Konawe Kepulauan,"Aliran sungai jernih di Pulau Wawonii yang menjadi pelengkap wisata alam Konawe Kepulauan, populer untuk mandi dan bersantai di tengah rimbunnya pepohonan.",Rp 5.000,07:00 - 17:00,"Area bilas, parkir",4.0,-3.97,123.05,0811-4000-083,Cocok dikombinasikan dengan kunjungan ke Pantai Kampa dan Pantai Tengkera,,
Tanjung Malaaha,alam,Kolaka,"Tanjung dengan panorama pesisir yang tenang di Kabupaten Kolaka, menjadi salah satu objek wisata alam yang mulai dikembangkan bersama Sungai Tamborasi.",Rp 5.000,07:00 - 17:00,"Parkir, area foto",3.9,-4.1,121.58,0811-4000-084,Kunjungi saat cuaca cerah untuk pemandangan tanjung yang lebih memukau,,
Permandian Hendaopa,alam,Wakatobi,"Kolam air tawar alami berwarna biru toska yang jernih di Desa Wawotimo, Pulau Tomia, menjadi favorit wisatawan pencinta wisata air tawar di tengah Wakatobi yang identik dengan laut.",Rp 10.000,07:00 - 18:00,"Kolam permandian, parkir, gazebo",4.4,-5.65,124.03,0811-4000-085,"Air sangat jernih, jaga kebersihan kolam selama berenang",,
Pantai Labobo,bahari,Buton Tengah,"Pantai berpasir putih berkilau di Desa Balobone, Kecamatan Mawasangka Tengah, dikelilingi jejeran pohon kelapa yang menghadirkan nuansa tropis yang syahdu.",Rp 5.000,06:00 - 18:00,"Parkir, gazebo, warung",4.3,-5.28,122.35,0811-4000-086,Cocok untuk piknik keluarga karena suasananya tenang,,
Pasir Timbul Bone Labunta,bahari,Buton Tengah,"Gugusan pasir putih yang muncul di tengah laut lepas Kecamatan Mawasangka saat air surut, menghadirkan sensasi berdiri di tengah lautan tanpa penghuni.",Rp 15.000 + perahu,Tergantung jadwal surut,Perahu wisata,4.4,-5.22,122.3,0811-4000-087,Cek jadwal pasang surut sebelum berangkat agar pasir timbul terlihat sempurna,,
Desa Wisata Terapung Mawasangka,bahari,Buton Tengah,"Desa wisata di Kecamatan Mawasangka yang menawarkan paket lengkap wisata bahari, terkenal dengan pemandangan matahari terbenam dan wahana ayunan raksasa di tepi laut.",Rp 10.000,07:00 - 18:00,"Ayunan raksasa, gazebo, homestay",4.3,-5.2,122.42,0811-4000-088,Datang menjelang sore untuk berfoto di ayunan raksasa dengan latar sunset,,
Gua Koo,alam,Buton Tengah,"Gua alami di Desa Lantongau, Kecamatan Mawasangka, dengan kolam air biru jernih sebening kaca yang dikelilingi dinding gua menjulang tinggi.",Rp 10.000,08:00 - 17:00,"Pemandu lokal, area bilas",4.3,-5.24,122.38,0811-4000-089,"Air terdalam cukup dalam, disarankan bisa berenang atau memakai pelampung",,
Pantai Tengkera,bahari,Konawe Kepulauan,"Salah satu pantai andalan di Pulau Wawonii dengan pasir putih dan air laut jernih, menjadi favorit warga Konawe Kepulauan untuk berlibur akhir pekan.",Rp 5.000,06:00 - 18:00,"Parkir, gazebo, warung",4.2,-3.9,123.05,0811-4000-090,Gabungkan kunjungan dengan Pantai Kampa dan Sungai Mosolo dalam satu hari,,
Desa Wisata Wasuemba,sejarah,Buton,"Desa wisata di Kecamatan Wabula yang kaya peninggalan sejarah dan pantai indah, termasuk kolam keramat E'e Tobungku yang dipercaya warga setempat membawa berkah bila dijaga kelestariannya.",Rp 10.000,07:00 - 17:00,"Pemandu lokal, homestay warga",4.2,-5.42,122.78,0811-4000-091,Hormati kepercayaan dan aturan adat setempat terkait kolam keramat,,
Desa Wisata Burangasi,bahari,Buton Selatan,"Desa wisata dengan paket lengkap keindahan alam hingga warisan budaya, menawarkan pantai yang asri dan kehidupan masyarakat pesisir yang masih kental adat istiadatnya.",Rp 10.000,07:00 - 17:00,"Homestay, perahu wisata",4.2,-5.52,122.65,0811-4000-092,Ikut serta dalam kegiatan budaya warga jika bertepatan dengan acara adat,,
Desa Wisata Kulati,bahari,Wakatobi,"Desa wisata di Kecamatan Tomia Timur yang menyuguhkan keindahan bahari khas Wakatobi, dipadu dengan kearifan lokal masyarakat pesisir yang ramah.",Rp 10.000,07:00 - 18:00,"Homestay, dermaga, gazebo",4.3,-5.65,124.05,0811-4000-093,Cocok dijadikan basis untuk menjelajah spot diving di sekitar Pulau Tomia,,
Pantai Pasir Panjang Namu,bahari,Konawe Selatan,"Pantai dengan garis pantai panjang berpasir putih kecoklatan di Dusun III Desa Namu, Kecamatan Laonti, sering dijangkau lewat jalur perbukitan atau perahu nelayan.",Rp 10.000,07:00 - 17:00,"Perahu sewa, area camping",4.1,-4.39,122.73,0811-4000-094,Gabungkan kunjungan dengan Pantai Namu yang berada di desa yang sama,,
Desa Wisata Kahianga,sejarah,Wakatobi,"Desa wisata yang menampilkan kearifan lokal masyarakat Wakatobi, mulai dari tradisi, kerajinan tangan, hingga kehidupan sehari-hari yang masih memegang teguh adat.",Rp 5.000,08:00 - 17:00,"Pemandu lokal, sentra kerajinan",4.1,-5.42,123.65,0811-4000-095,Interaksi langsung dengan warga untuk belajar kerajinan tangan khas setempat,,
Museum Bharugano Wuna,sejarah,Muna,"Museum di Kota Raha yang menyimpan koleksi budaya dan sejarah Kesultanan Muna, termasuk koleksi kayu jati dan artefak peninggalan kerajaan setempat.",Rp 5.000,08:00 - 16:00 (Senin-Jumat),"Pemandu, parkir, ruang pamer",4.0,-4.85,122.51,0811-4000-096,Cocok dipadukan dengan kunjungan ke Makam Raja-Raja Muna yang searah,,
Masjid Agung Al Munajat Raha,religi,Muna,Masjid agung di Kota Raha yang menjadi pusat kegiatan keagamaan umat Islam di Kabupaten Muna sekaligus landmark kota.,Gratis,04:00 - 21:00,"Parkir luas, tempat wudhu",4.3,-4.84,122.52,0811-4000-097,Waktu terbaik berkunjung menjelang salat Jumat untuk suasana yang lebih ramai,,
Sentra Tenun Kamohu Mawasangka,sejarah,Buton Tengah,"Sentra pembuatan kain tenun Kamohu, warisan budaya tak benda nasional sejak 2019, yang telah ditenun turun-temurun oleh masyarakat Kecamatan Mawasangka sejak abad ke-19.",Gratis kunjungan,08:00 - 17:00,"Area produksi, toko kain tenun",4.1,-5.21,122.4,0811-4000-098,Bisa membeli langsung kain tenun Kamohu sebagai oleh-oleh khas,,
Sentra Batik Wulele Sorume,sejarah,Kolaka Timur,"Sentra pembuatan batik dengan motif Wulele Sorume, terinspirasi dari bunga Anggrek Sorume yang hanya tumbuh di pegunungan Kolaka Timur, khususnya kawasan Ulu Iwoi dan Mowewe.",Gratis kunjungan,08:00 - 17:00,"Area produksi, toko batik",4.0,-3.98,121.88,0811-4000-099,"Motif Wulele Sorume sempat dipakai desainer nasional Ivan Gunawan, cocok jadi oleh-oleh unik",,
Istana Malige,sejarah,Kota Baubau,"Istana kayu tradisional Kesultanan Buton yang dibangun tanpa paku, terletak dalam kompleks Benteng Keraton Buton, menjadi simbol arsitektur khas Buton yang megah.",Rp 10.000,08:00 - 17:00,"Pemandu, parkir",4.4,-5.4675,122.6165,0811-4000-100,Kunjungi bersamaan dengan Benteng Keraton Buton karena lokasinya berdekatan,,
